150050001,150050001@iitb.ac.in
150050002,150050002@iitb.ac.in
150050003,150050003@iitb.ac.in
150050004,150050004@iitb.ac.in
150050005,150050005@iitb.ac.in
150050006,150050006@iitb.ac.in
150050007,150050007@iitb.ac.in
150050008,150050008@iitb.ac.in
150050009,150050009@iitb.ac.in
150050010,150050010@iitb.ac.in
150050011,150050011@iitb.ac.in
150050012,150050012@iitb.ac.in
150050013,150050013@iitb.ac.in
150050014,150050014@iitb.ac.in
150050015,150050015@iitb.ac.in
150050016,150050016@iitb.ac.in
150050017,150050017@iitb.ac.in
150050018,150050018@iitb.ac.in
150050019,150050019@iitb.ac.in
150050020,150050020@iitb.ac.in
150050021,150050021@iitb.ac.in
150050022,150050022@iitb.ac.in
150050023,150050023@iitb.ac.in
150050024,150050024@iitb.ac.in
150050025,150050025@iitb.ac.in
150050026,150050026@iitb.ac.in
150050027,150050027@iitb.ac.in
150050028,150050028@iitb.ac.in
150050029,150050029@iitb.ac.in
150050030,150050030@iitb.ac.in
150050031,150050031@iitb.ac.in
150050032,150050032@iitb.ac.in
150050033,150050033@iitb.ac.in
150050034,150050034@iitb.ac.in
150050035,150050035@iitb.ac.in
150050036,150050036@iitb.ac.in
150050037,150050037@iitb.ac.in
150050038,150050038@iitb.ac.in
150050039,150050039@iitb.ac.in
150050040,150050040@iitb.ac.in
150050041,150050041@iitb.ac.in
150050042,150050042@iitb.ac.in
150050043,150050043@iitb.ac.in
150050044,150050044@iitb.ac.in
150050045,150050045@iitb.ac.in
150050046,150050046@iitb.ac.in
150050047,150050047@iitb.ac.in
150050048,150050048@iitb.ac.in
150050049,150050049@iitb.ac.in
150050050,150050050@iitb.ac.in
150050051,150050051@iitb.ac.in
150050052,150050052@iitb.ac.in
150050053,150050053@iitb.ac.in
150050054,150050054@iitb.ac.in
150050055,150050055@iitb.ac.in
150050056,150050056@iitb.ac.in
150050057,150050057@iitb.ac.in
150050058,150050058@iitb.ac.in
150050059,150050059@iitb.ac.in
150050060,150050060@iitb.ac.in
150050061,150050061@iitb.ac.in
150050062,150050062@iitb.ac.in
150050063,150050063@iitb.ac.in
150050064,150050064@iitb.ac.in
150050065,150050065@iitb.ac.in
150050066,150050066@iitb.ac.in
150050067,150050067@iitb.ac.in
150050068,150050068@iitb.ac.in
150050069,150050069@iitb.ac.in
150050070,150050070@iitb.ac.in
150050071,150050071@iitb.ac.in
150050072,150050072@iitb.ac.in
150050073,150050073@iitb.ac.in
150050074,150050074@iitb.ac.in
150050075,150050075@iitb.ac.in
150050076,150050076@iitb.ac.in
150050077,150050077@iitb.ac.in
150050078,150050078@iitb.ac.in
150050079,150050079@iitb.ac.in
150050080,150050080@iitb.ac.in
150050081,150050081@iitb.ac.in
150050082,150050082@iitb.ac.in
150050083,150050083@iitb.ac.in
150050084,150050084@iitb.ac.in
150050085,150050085@iitb.ac.in
150050086,150050086@iitb.ac.in
150050087,150050087@iitb.ac.in
150050088,150050088@iitb.ac.in
150050089,150050089@iitb.ac.in
150050090,150050090@iitb.ac.in
150050091,150050091@iitb.ac.in
150050092,150050092@iitb.ac.in
150050093,150050093@iitb.ac.in
150050094,150050094@iitb.ac.in
150050095,150050095@iitb.ac.in
150050096,150050096@iitb.ac.in
150050097,150050097@iitb.ac.in
150050098,150050098@iitb.ac.in
150050099,150050099@iitb.ac.in
150050100,150050100@iitb.ac.in
150050101,150050101@iitb.ac.in
150050102,150050102@iitb.ac.in
150050103,150050103@iitb.ac.in
150050104,150050104@iitb.ac.in
150050105,150050105@iitb.ac.in
150050106,150050106@iitb.ac.in
150050107,150050107@iitb.ac.in
150050108,150050108@iitb.ac.in
150050109,150050109@iitb.ac.in
150050110,150050110@iitb.ac.in
150050111,150050111@iitb.ac.in
150050112,150050112@iitb.ac.in
150050113,150050113@iitb.ac.in
150050114,150050114@iitb.ac.in
150050115,150050115@iitb.ac.in
150050116,150050116@iitb.ac.in
150050117,150050117@iitb.ac.in
150050118,150050118@iitb.ac.in
150050119,150050119@iitb.ac.in
